complex_id;stage;camera_place;lat;lon;place_type;road_type;is_settlement;lanes;intensity;intensity_min;intensity_max;intensity_avg
1001;1;г. Новочеркасск, пр. Баклановский, д. 11;47,421962;40,090409;0;3;1;2;0;0;0;0
1002;1;г. Волгодонск, ул. Весенняя/пр. Строителей;47,510724;42,187828;0;3;1;3;19000;19000;19000;19000
1003;1;г. Волгодонск, пр. Курчатова, д. 38;47,528348;42,201426;1;3;1;6;10000;10000;10000;10000
1004;1;г. Шахты, ул. Садовая, д. 17;47,703047;40,204712;1;3;1;4;0;0;0;0
1005;1;г. Волгодонск, ул. Портовая, д. 1;47,528854;42,154891;0;3;1;2;0;0;0;0
1006;1;г. Ростов-на-Дону, ул. Текучева/пер. Журавлева;47,238902;39,728779;0;3;1;2;0;0;0;0
1007;1;г. Ростов-на-Дону, Большая Садовая ул., д. 73;47,22276;39,720088;1;3;1;4;0;0;0;0
1008;1;г. Ростов-на-Дону, Комитетский пер., д. 1;47,246559;39,753068;1;3;1;2;13200;13200;13200;13200
1009;1;"ст. Романовская, подъезд от автомобильной дороги ""г. Ростов-на-Дону (от магистрали ""Дон"") - г. Семикаракорск - г. Волгодонск"" к ст. Романовская, км 1+440 (въезд в ст. Романовская по ул. Тюхова)";47,532139;42,046741;1;2;0;2;0;0;0;0
1010;1;г. Ростов-на-Дону, ул. Ларина/ул. Немировича-Данченко;47,253683;39,703964;0;3;1;2;13200-17600;13200;17600;15400
1011;1;г. Ростов-на-Дону, пр-кт Михаила Нагибина, д.12/1;47,247563;39,712987;1;3;1;6;45000;45000;45000;45000
1012;1;г. Ростов-на-Дону, пр-кт Космонавтов, д.20;47,292261;39,714249;1;3;1;8;0;0;0;0
1013;1;г. Ростов-на-Дону, пр-кт Буденновский, д. 77;47,22952;39,703284;1;3;1;6;0;0;0;0
1014;1;г. Ростов-на-Дону, пр-кт Стачки, д.217;47,212328;39,630313;1;3;1;2;0;0;0;0
1015;1;х. Вознесенский, ул. Школьная, 18;48,374479;41,932507;1;3;1;2;0;0;0;0
1016;1;город Таганрог, ул. Москатова, д. 19А;47,261155;38,914973;1;3;1;2;0;0;0;0
1017;1;г. Ростов-на-Дону, Портовая ул./Судостроительная ул.;47,192745;39,644035;0;3;1;2;5600;5600;5600;5600
1018;1;г. Ростов-на-Дону, ул. Белорусская/пер. Клязьминский;47,281923;39,738171;0;3;1;2;13200;13200;13200;13200
1019;1;г. Ростов-на-Дону, ул. Текучева/Доломановский пер.;47,23202;39,692532;0;3;1;2;5600;5600;5600;5600
1020;1;г. Ростов-на-Дону, ул. Щербакова/ул. Панфиловцев;47,277121;39,783;0;3;1;2;22400;22400;22400;22400
1021;1;а/д г. Ростов-на-Дону (от магистрали Дон) - г. Семикаракорск - г. Волгодонск, 4км+045м;47,130701;39,930368;0;2;0;2;1002;1002;1002;1002
1022;1;г. Ростов-на-Дону, пр. Михаила Нагибина, д. 33А/47;47,25713;39,716352;0;3;1;6;45000;45000;45000;45000
1023;1;г. Ростов-на-Дону, пр. Стачки, д. 229;47,212062;39,621337;1;3;1;2;0;0;0;0
1024;1;г.Шахты, Советская ул./Крестьянский пер.;47,700981;40,231782;0;3;1;2;0;0;0;0
1025;1;16км+100м а/д пос. Матвеево-Курган - с. Авило-Успенка, Матвеево-Курганский район;47,668476;38,735581;1;2;0;2;11090;11090;11090;11090
1026;1;198км+400м а/д г. Ростов-на-Дону (от магистрали Дон) - г. Семикаракорск - г. Волгодонск;47,486033;42,045678;1;2;0;4;8963;8963;8963;8963
1027;1;8 км а/д Ростов-на-Дону - сл. Родионово-Несветайская - г. Новошахтинск, Мясниковский район;47,360469;39,644918;1;2;0;2;13033;13033;13033;13033
1028;1;"923км+700м а/д М-4 ""Дон"" Москва - Воронеж - Ростов-на-Дону - Краснодар - Новороссийск";48,369099;40,338242;1;1;0;4;1468-80232;1468;80232;40850
1029;1;г. Новочеркасск, ул. Ростовский Выезд, д. 13а;47,400173;40,071793;1;3;1;2;0;0;0;0
1030;1;г. Ростов-на-Дону, пр. Сиверса, д. 14А;47,223485;39,688829;1;3;1;4;0;0;0;0
1031;1;г. Ростов-на-Дону, ул. Петренко, д. 10;47,319706;39,679002;1;3;1;2;0;0;0;0
1032;1;60км+600м а/д с. Самбек - пос. Матвеево-Курган - с. Куйбышево - г. Снежное, Куйбышевский район;47,77076;38,97354;1;2;0;2;2071;2071;2071;2071
1033;1;г. Волгодонск, пр. Курчатова, д. 9;47,517284;42,207658;1;3;1;6;0;0;0;0
1034;1;г. Волгодонск, пер. Первомайский / ул. Пионерская;47,517799;42,139197;0;3;1;2;3500-5000;3500;5000;4250
1035;1;г. Волгодонск, пр. Мира/ул. Гагарина;47,523865;42,227077;0;3;1;2;4500-7500;4500;7500;6000
1036;1;г. Волгодонск, Морская улица, д. 130Б;47,506338;42,175511;1;3;1;4;0;0;0;0
1037;1;г. Волгодонск, ул. 50 лет СССР, д. 4А;47,513005;42,154211;1;3;1;4;0;0;0;0
1038;1;г. Волгодонск, ул. Ленинградская / ул. Энтузиастов;47,528725;42,19297;0;3;1;2;0;0;0;0
1039;1;г. Таганрог, ул. 4-я Линия / пер. 7-й Новый ;47,273228;38,908132;0;3;1;2;0;0;0;0
1040;1;г. Таганрог, ул. Лизы Чайкиной, д. 328;47,256432;38,894947;1;3;1;2;0;0;0;0
1041;1;город Таганрог, ул. Чехова/ 7-й пер.;47,216443;38,903958;1;3;1;2;0;0;0;0
1042;1;город Таганрог, Транспортная ул./ 4-я Западная ул./ 2-я Советская;47,229031;38,884548;0;3;1;3;0;0;0;0
1043;1;город Таганрог, Транспортная ул./ Театральная ул.;47,232771;38,884765;0;3;1;2;0;0;0;0
1044;1;город Таганрог, Транспортная ул./ ул. Чехова;47,222608;38,884183;0;3;1;2;0;0;0;0
1045;1;город Таганрог, Гоголевский пер./ Социалистическая ул./ Петровская ул.;47,220342;38,921468;0;3;1;2;0;0;0;0
1046;1;г. Ростов-на-Дону, пр. Королева, д. 3;47,292753;39,696113;1;3;1;6;0;0;0;0
1047;1;город Новочеркасск, Харьковское ш., д. 30В;47,48036;40,102962;1;3;1;2;0;0;0;0
1048;1;г.Новочеркасск, Харьковское ш., д.5;47,463452;40,100014;1;3;1;2;0;0;0;0
1049;1;г. Волгодонск, ул. Маршала Кошевого, д. 28А;47,524083;42,21563;1;3;1;2;0;0;0;0
1050;1;г. Волгодонск, ул. Железнодорожная/пер. Совхозный;47,495683;42,190521;0;3;1;2;2500;2500;2500;2500
1051;1;г. Волгодонск, ул. Степная, д. 197;47,504341;42,176516;0;3;1;4;10000;10000;10000;10000
1052;1;г. Волгодонск, ул. 30 лет Победы, д. 16;47,508839;42,164159;1;3;1;2;2500;2500;2500;2500
1053;1;с. Самбек – пос. Матвеев Курган – с. Куйбышево – г. Снежное (до границы с Донецкой Народной Республикой), км 30+200;47,563343;38,888092;0;2;0;4;2071;2071;2071;2071
1054;1;подъездная автодорога к «Ростовской АЭС», км 1+270;47,532838;42,261414;1;2;0;4;3150;3150;3150;3150
1055;1;г. Ростов-на-Дону, пр. Шолохова, д. 45;47,243439;39,766717;1;3;1;4;0;0;0;0
1056;1;г. Ростов-на-Дону, ул. Зорге, д. 45;47,220139;39,632085;0;3;1;4;0;0;0;0
1057;1;г. Ростов-на-Дону, Фурмановская ул./ул. Плиева;47,270991;39,719801;0;3;1;4;0;0;0;0
1058;1;г. Ростов-на-Дону, ул. Еременко, д. 85;47,232353;39,617019;1;3;1;2;17600;17600;17600;17600
1059;1;г. Ростов-на-Дону, пр. Стачки/ул. Зорге;47,212465;39,634858;0;3;1;4;0;0;0;0
1060;1;г.Шахты, просп. Ленинского Комсомола, 52В;47,726423;40,285624;1;3;1;2;0;0;0;0
1061;1;г.Шахты, ул. Маяковского, 175;47,710374;40,171249;1;3;1;2;0;0;0;0
1062;1;г.Шахты, Советская ул./просп. Чернокозова;47,715259;40,202228;0;3;1;4;0;0;0;0
1063;1;г.Шахты, Садовая ул./просп.Карла Маркса;47,704882;40,200685;0;3;1;4;0;0;0;0
1064;1;г.Шахты, Дачная ул./проезд к Ремонтненской ул.;47,712045;40,138443;0;3;1;4;0;0;0;0
1065;1;г. Ростов-на-Дону, Берберовская ул., д. 9с2;47,24501;39,805935;1;3;1;2;0;0;0;0
1066;1;г. Ростов-на-Дону, Пойменная улица, 1Г;47,206304;39,725983;1;3;1;6;16800;16800;16800;16800
1067;1;г. Ростов-на-Дону, ул. Малиновского/2-я Краснодарская ул.;47,203317;39,613548;0;3;1;4;5600-33600;5600;33600;19600
1068;1;г. Батайск, улица Максима Горького, д. 287Б;47,138526;39,711971;1;3;1;2;2500;2500;2500;2500
1069;1;г. Батайск, Рыбная ул./ул. Станиславского;47,137743;39,726512;0;3;1;2;2500;2500;2500;2500
1070;1;г. Ростов-на-Дону, ул. Немировича-Данченко/Подъездная ул.;47,257747;39,694623;0;3;1;3;13200;13200;13200;13200
1071;1;г. Ростов-на-Дону, Вятская ул., д. 108;47,281473;39,762426;1;3;1;4;0;0;0;0
1072;1;г. Ростов-на-Дону, Большая Садовая ул./пр. Чехова;47,223559;39,724031;0;3;1;5;0;0;0;0
1073;1;г. Ростов-на-Дону, Коммунистический пр., д. 32;47,207964;39,629881;1;3;1;4;0;0;0;0
1074;1;г. Ростов-на-Дону, Красноармейска ул., д. 194;47,22977;39,721129;1;3;1;6;0;0;0;0
1075;1;г. Ростов-на-Дону, ул. Ларина/ул. Погодина;47,255192;39,70857;0;3;1;4;17600;17600;17600;17600
1076;1;г. Ростов-на-Дону, ул. Текучева/пер. Семашко;47,234987;39,707077;0;3;1;5;17200;17200;17200;17200
1077;1;г. Ростов-на-Дону, ул. Лелюшенко, д. 9/12;47,300777;39,746434;1;3;1;4;0;0;0;0
1078;1;х. Задонский, улица Горького, 90;46,930284;39,662241;1;3;1;2;0;0;0;0
1079;1;г. Ростов-на-Дону, ул. Ерёменко/пр. Маршала Жукова;47,232359;39,600579;0;3;1;2;17600-22400;17600;22400;20000
1080;1;город Таганрог, ул. Ломоносова/ ул. Сергея Шило;47,225493;38,876127;0;3;1;2;0;0;0;0
1081;1;г. Ростов-на-Дону, ул. Менжинского, д. 4;47,261203;39,768809;1;3;1;4;17600;17600;17600;17600
1082;1;г. Ростов-на-Дону, пр. Стачки, д. 25;47,210995;39,673571;0;3;1;6;2800-5600;2800;5600;4200
1083;1;г. Ростов-на-Дону, пр. Ленина, д. 58;47,249414;39,719769;1;3;1;6;26000;26000;26000;26000
1084;1;г. Ростов-на-Дону, ул. Тружеников, д. 18А;47,210682;39,645687;1;3;1;2;0;0;0;0
1085;1;город Новочеркасск, Спуск Герцена (от Железнодорожной ул. до р. Тузлов);47,430762;40,09879;1;3;1;2;0;0;0;0
1086;1;город Новочеркасск, ул. Гагарина/ ул. Луначарского;47,44285;40,103795;1;3;1;4;0;0;0;0
1087;1;г. Ростов-на-Дону, Будённовский пр./ул. Текучева;47,233845;39,701484;0;3;1;6;0;0;0;0
1088;1;г. Ростов-на-Дону, пр-кт Ленина, д. 238/145;47,249528;39,755747;1;3;1;4;26000;26000;26000;26000
1089;1;г. Ростов-на-Дону, пер. Пржевальского/Заводская ул.;47,196964;39,625519;0;3;1;2;0;0;0;0
1090;1;г. Новочеркасск, Привокзальная ул., д. 38;47,483586;40,070612;0;3;1;2;0;0;0;0
1091;1;г. Ростов-на-Дону, Соборный пер./Московская ул.;47,217999;39,711563;0;3;1;2;13200;13200;13200;13200
1092;1;г. Ростов-на-Дону, ул. Петренко/пер. Белоусова;47,319664;39,683799;0;3;1;2;16800;16800;16800;16800
1093;1;"5км+600 ""Магистраль ""Дон"" - х. Старая Станица - х. Красновка - пос. Глубокий";48,322175;40,329164;0;3;0;2;800;800;800;800
2001;1;г. Ростов-на-Дону (от магистрали «Дон») – г. Ставрополь (до границы Ставропольского края), км 79+600;46,658428;40,557557;0;2;0;2;4500-9908;4500;9908;7204
2002;1;подъездная автодорога к «Ростовской АЭС» , км 3+050;47,542953;42,279985;0;2;0;2;3150;3150;3150;3150
2003;1;г. Ростов-на-Дону (от магистрали Дон) - г. Семикаракорск - г. Волгодонск, км 208+100;47,542768;42,099532;1;2;0;2;8963;8963;8963;8963
2004;1;Р-260 - Волгоград - Каменск-Шахтинский - Луганск, км 292+200;48,2423;40,915364;1;1;0;2;0;0;0;0
2005;1;Р-280 – «Новороссия» Ростов-на-Дону - Мариуполь – Мелитополь - Симферополь, км 85+800;47,194172;38,644223;1;1;0;2;0;0;0;0
2006;1;М-4 Дон Москва - Воронеж - Ростов-на-Дону - Краснодар – Новороссийск (основное направление), км 1012+400;47,64088;40,005064;1;1;0;4;0;0;0;0
2007;1;г. Ростов-на-Дону – сл. Родионово-Несветайская – г. Новошахтинск, км 4+700;47,333889;39,644221;1;2;0;2;0;0;0;0
2008;1;"""г. Ростов-на-Дону (от магистрали ""Дон"") - г. Семикаракорск - г. Волгодонск"" - г. Константиновск - пос. Тацинский, км 0+400";47,522035;41,106369;0;2;0;2;2582-11589;2582;11589;7086
2009;1;М-4 Дон Москва - Воронеж - Ростов-на-Дону - Краснодар – Новороссийск (основное направление), км 1094+900;47,003275;39,730663;0;1;0;4;1468-80232;1468;80232;40850
2010;1;г. Азов – г. Ейск (до границы Краснодарского края), км 15+500;47,025739;39,30293;1;2;0;2;0;0;0;0
2011;1;г. Ростов-на-Дону (от магистрали «Дон») – г. Ставрополь (до границы Ставропольского края), км 6+600;47,049315;39,84012;1;2;0;2;4500-9908;4500;9908;7204
2012;1;Р-280 – «Новороссия» Ростов-на-Дону - Мариуполь – Мелитополь - Симферополь, км 66+100;47,275759;38,857088;0;1;0;2;3350-25000;3350;25000;14175
2013;1;Р-280 – «Новороссия» Ростов-на-Дону - Мариуполь – Мелитополь - Симферополь, км 64+100;47,285994;38,877959;0;1;0;2;3350-25994;3350;25994;14672
2014;1;Р-280 – «Новороссия» Ростов-на-Дону - Мариуполь – Мелитополь - Симферополь, км 73+130;47,23672;38,806338;0;1;0;2;3350-25994;3350;25994;14672
2015;1;М-4 Дон Москва - Воронеж - Ростов-на-Дону - Краснодар – Новороссийск (основное направление), км 1026+700;47,510045;39,970697;1;1;0;6;0;0;0;0
2016;1;М-4 Дон Москва - Воронеж - Ростов-на-Дону - Краснодар – Новороссийск (основное направление), км 1118+600;46,795901;39,667668;1;1;0;4;0;0;0;0
2017;1;М-4 Дон Москва - Воронеж - Ростов-на-Дону - Краснодар – Новороссийск (основное направление), км 881+500. Поселок Тарасовский, Улица Островского ;48,731819;40,370806;1;3;1;2;1468-80232;1468;80232;40850
2018;1;автомобильная дорога «Магистраль «Дон» – сл. Криворожье , км 23+000;48,828651;40,743125;0;2;0;2;3140;3140;3140;3140
2019;1;М-4 Дон Москва - Воронеж - Ростов-на-Дону - Краснодар – Новороссийск (основное направление), км 944+650;48,188007;40,26624;1;1;0;4;1468-80232;1468;80232;40850
2020;1;М-4 Дон Москва - Воронеж - Ростов-на-Дону - Краснодар – Новороссийск (основное направление), км 998+500;47,727028;40,116207;0;1;0;4;1468-80232;1468;80232;40850
2021;1;Р-280 – «Новороссия» Ростов-на-Дону - Мариуполь – Мелитополь - Симферополь, км 20+700;47,28328;39,426916;1;1;0;4;3350-25994;3350;25994;14672
2022;1;«Магистраль «Дон» – пос. Щепкин – г. Ростов-на-Дону, км 1+120;47,37884;39,880119;0;2;0;2;4500-9908;4500;9908;7204
2023;1;М-4 Дон Москва - Воронеж - Ростов-на-Дону - Краснодар – Новороссийск (основное направление), км 1084+300;47,078274;39,766801;1;1;0;4;1468-80232;1468;80232;40850
2024;1;г. Ростов-на-Дону (от магистрали «Дон») – г. Азов (старое и новое направление), км 2+250;47,108867;39,628407;1;1;0;4;9756;9756;9756;9756
2025;1;М-4 Дон Москва - Воронеж - Ростов-на-Дону - Краснодар – Новороссийск (основное направление), км 1038+500;47,404942;39,968149;1;1;0;4;0;0;0;0
2026;1;Р-280 – «Новороссия» Ростов-на-Дону - Мариуполь – Мелитополь - Симферополь, км 33+350;47,296319;39,253579;1;1;0;4;3350-25994;3350;25994;14672
2027;1;М-4 Дон Москва - Воронеж - Ростов-на-Дону - Краснодар – Новороссийск (основное направление), км 864+800;48,871685;40,438562;0;1;0;4;1468-80232;1468;80232;40850
2028;1;М-4 Дон Москва - Воронеж - Ростов-на-Дону - Краснодар – Новороссийск (основное направление), км 893+100;48,637811;40,356803;0;1;0;4;1468-80232;1468;80232;40850
2029;1;М-4 Дон Москва - Воронеж - Ростов-на-Дону - Краснодар – Новороссийск (основное направление), км 898+900;48,585434;40,352474;0;1;0;4;1468-80232;1468;80232;40850
2030;1;Р-280 – «Новороссия» Ростов-на-Дону - Мариуполь – Мелитополь - Симферополь, км 45+350;47,313056;39,106732;0;1;0;2;3350-25994;3350;25994;14672
2031;1;М-4 Дон Москва - Воронеж - Ростов-на-Дону - Краснодар – Новороссийск (основное направление), км 934+800;48,274112;40,294337;1;1;0;4;0;0;0;0
2032;1;М-4 Дон Москва - Воронеж - Ростов-на-Дону - Краснодар – Новороссийск (основное направление), км 1003+400;47,689687;40,080535;1;1;0;4;0;0;0;0
2033;1;Р-280 – «Новороссия» Ростов-на-Дону - Мариуполь – Мелитополь - Симферополь, км 110+150;47,162739;38,351278;1;1;0;2;3350-25994;3350;25994;14672
2034;1;М-4 Дон Москва - Воронеж - Ростов-на-Дону - Краснодар – Новороссийск (основное направление), км 964+800;48,010575;40,238911;1;1;0;4;1468-80232;1468;80232;40850
2035;1;Р-280 – «Новороссия» Ростов-на-Дону - Мариуполь – Мелитополь - Симферополь, км 28+900;47,288293;39,317736;1;1;0;4;6000-25000;6000;25000;15500
2036;1;«Магистраль «Дон» – пос. Щепкин – г. Ростов-на-Дону, км 2+700;47,378592;39,860467;1;2;0;2;4500-9908;4500;9908;7204
2037;1;М-4 Дон Москва - Воронеж - Ростов-на-Дону - Краснодар – Новороссийск (основное направление), км 941+150;48,218403;40,270545;1;2;0;4;7622;7622;7622;7622
2038;1;М-4 Дон Москва - Воронеж - Ростов-на-Дону - Краснодар – Новороссийск (основное направление), км 1072+000;47,14747;39,874454;1;1;0;4;1468-80232;1468;80232;40850
2039;1;Р-280 – «Новороссия» Ростов-на-Дону - Мариуполь – Мелитополь - Симферополь, км 101+350;47,18697;38,458732;1;1;0;2;0;0;0;0
2040;1;А-135 Подъездная дорога от автомобильной дороги М-4 Дон к г. Ростову-на-Дону, южный подъезд, км 6+250;47,172091;39,744184;1;1;0;4;21692-52561;21692;52561;37127
2041;1;А-270 – автомобильная дорога М-4 «Дон» - Новошахтинск - граница с Луганской Народной Республикой, км 885+500;47,823347;39,877544;0;1;0;2;1207-7068;1207;7068;4138
2042;1;А-270 – автомобильная дорога М-4 «Дон» - Новошахтинск - граница с Луганской Народной Республикой, км 891+200;47,782047;39,917144;1;1;0;4;1207-7068;1207;7068;4138
2043;1;А-270 – автомобильная дорога М-4 «Дон» - Новошахтинск - граница с Луганской Народной Республикой, км 886+550;47,818069;39,889558;1;1;0;4;1207-7068;1207;7068;4138
2044;1;ст. Обливская – ст. Советская – ст. Боковская – ст. Каргинская, км 39+500;49,000769;42,104984;1;2;0;2;1598-3308;1598;3308;2453
2045;1;А-270 – автомобильная дорога М-4 «Дон» - Новошахтинск - граница с Луганской Народной Республикой, км 887+000;47,815906;39,894623;1;1;0;4;1207-7068;1207;7068;4138
2046;1;Обход г. Волгодонска, км 7+550;47,488205;42,160196;0;2;0;2;2000;2000;2000;2000
2047;1;с. Самбек – пос. Матвеев Курган – с. Куйбышево – г. Снежное (до границы с Донецкой Народной Республикой), км 10+450;47,393675;38,950893;0;2;0;2;2071;2071;2071;2071
2048;1;г. Ростов-на-Дону – сл. Родионово-Несветайская – г. Новошахтинск, км 0+300;47,296598;39,658263;1;2;0;2;0;0;0;0
2049;1;г. Ростов-на-Дону – сл. Родионово-Несветайская – г. Новошахтинск, км 1+550;47,306407;39,651838;1;2;0;2;0;0;0;0
2050;1;А-135 Подъездная дорога от автомобильной дороги М-4 Дон к г. Ростову-на-Дону, западный подъезд, км 9+000;47,157504;39,732566;1;1;0;4;21692-52561;21692;52561;37127
2051;1;Обход г. Волгодонска, км 1+300;47,501842;42,081551;1;2;0;2;0;0;0;0
2052;1;Магистраль «Дон» – пос. Каменоломни, км 9+400;47,644477;40,181732;1;2;0;2;326;326;326;326
2053;1;ст. Егорлыкская – г. Сальск, км 56+300;46,518567;41,333192;1;2;0;2;1224-6675;1224;6675;3950
2054;1;ст. Егорлыкская – г. Сальск, км 7+000;46,548867;40,736567;0;2;0;2;1224-6675;1224;6675;3950
2055;1;ст. Егорлыкская – г. Сальск, км 34+000;46,51254;41,064232;0;2;0;2;1224-6675;1224;6675;3950
2056;1;ст. Егорлыкская – г. Сальск, км 67+950;46,477907;41,47017;1;2;0;2;1224-6675;1224;6675;3950
2057;1;ст. Егорлыкская – г. Сальск, км 3+000;46,555723;40,684696;0;2;0;2;1224-6675;1224;6675;3950
2058;1;г. Морозовск – г. Цимлянск – г. Волгодонск, км 82+500;47,643276;42,064902;1;2;0;4;7622;7622;7622;7622
2059;1;«Волгоград – Каменск-Шахтинский» – пос. Горняцкий – х. Ильинка, км 6+800;48,295934;40,965237;1;2;0;2;3284;3284;3284;3284
2060;1;г. Зверево – г. Гуково, км 10+400;48,0522;39,965718;1;2;0;2;3693;3693;3693;3693
2061;1;г. Ростов-на-Дону (от магистрали Дон) - г. Семикаракорск - г. Волгодонск, км 180+500;47,429858;41,831876;1;2;0;4;8963;8963;8963;8963
2062;1;г. Ростов-на-Дону (от магистрали Дон) - г. Семикаракорск - г. Волгодонск, км 177+200;47,42329;41,789113;1;2;0;4;8963;8963;8963;8963
2063;1;г. Ростов-на-Дону (от магистрали Дон) - г. Семикаракорск - г. Волгодонск, км 162+400;47,419578;41,593966;1;2;0;2;8963;8963;8963;8963
2064;1;г. Ростов-на-Дону (от магистрали Дон) - г. Семикаракорск - г. Волгодонск, км 155+850;47,408764;41,511011;1;2;0;4;8963;8963;8963;8963
2065;1;г. Ростов-на-Дону (от магистрали Дон) - г. Семикаракорск - г. Волгодонск, км 149+600;47,432853;41,431316;1;2;0;4;8963;8963;8963;8963
2066;1;г. Ростов-на-Дону (от магистрали Дон) - г. Семикаракорск - г. Волгодонск, км 128+100;47,444781;41,205177;1;2;0;2;8963;8963;8963;8963
2067;1;г. Ростов-на-Дону (от магистрали Дон) - г. Семикаракорск - г. Волгодонск, км 166+650;47,418248;41,650121;1;2;0;2;8963;8963;8963;8963
2068;1;г. Ростов-на-Дону (от магистрали Дон) - г. Семикаракорск - г. Волгодонск, км 132+700;47,405159;41,225644;1;2;0;3;8963;8963;8963;8963
2069;1;г. Азов – с. Александровка – ст. Староминская (до границы Краснодарского края), км 43+150;46,826413;39,160421;1;2;0;2;8872;8872;8872;8872
2070;1;г. Азов – с. Александровка – ст. Староминская (до границы Краснодарского края), км 40+850;46,853042;39,218695;1;2;0;3;8872;8872;8872;8872
2071;1;г. Новочеркасск – пос. Багаевский, км 25+100;47,405852;40,320365;1;2;0;2;8240;8240;8240;8240
2072;1;г. Новочеркасск – пос. Багаевский, км 15+400;47,401923;40,191599;1;2;0;2;8240;8240;8240;8240
2073;1;г. Морозовск – г. Цимлянск – г. Волгодонск, км 95+100;47,546224;42,126997;1;3;1;2;7622;7622;7622;7622
2074;1;г. Морозовск – г. Цимлянск – г. Волгодонск, км 92+250;47,569262;42,11352;1;2;0;3;7622;7622;7622;7622
2075;1;соединительная между а/д «г. Шахты (от магистрали «Дон») – г. Красный Сулин» и а/д «г. Новошахтинск – г. Гуково», км 3+630;47,825427;39,959772;1;2;0;3;7385;7385;7385;7385
2076;1;г. Ростов-на-Дону – сл. Родионово-Несветайская – г. Новошахтинск» – х. Ленинаван – а/д Р-280 «Новороссия» , км 6+280;47,264199;39,614422;1;2;0;2;7283;7283;7283;7283
2077;1;г. Ростов-на-Дону – сл. Родионово-Несветайская – г. Новошахтинск» – х. Ленинаван – а/д Р-280 «Новороссия» , км 2+520;47,288134;39,629197;1;2;0;2;7283;7283;7283;7283
2078;1;г. Ростов-на-Дону (от магистрали Дон) - г. Семикаракорск - г. Волгодонск, км 171+650;47,420856;41,715456;1;2;0;4;7265-11529;7265;11529;9397
2079;1;г. Ростов-на-Дону (от магистрали Дон) - г. Семикаракорск - г. Волгодонск, км 113+050;47,51579;41,066792;1;2;0;3;7265-11529;7265;11529;9397
2080;1;г. Шахты (от магистрали «Дон») – г. Красный Сулин, км 1+600;47,771398;40,140667;1;2;0;2;7183;7183;7183;7183
2081;1;пос. Матвеев Курган, Октябрьская ул., д. 25,пос. Матвеев Курган – с. Малокирсановка – с. Екатериновка, км 1+700;47,571118;38,85166;1;2;0;2;7144;7144;7144;7144
2082;1;г. Элиста – с. Ремонтное – пос. Зимовники (от границы Калмыкии), км 62+000;46,553828;43,62024;1;2;0;4;6522;6522;6522;6522
2083;1;г. Элиста – с. Ремонтное – пос. Зимовники (от границы Калмыкии), км 174+400;47,161843;42,475572;1;2;0;2;6522;6522;6522;6522
2084;1;г. Элиста – с. Ремонтное – пос. Зимовники (от границы Калмыкии), км 173+250;47,156933;42,489305;1;2;0;2;6522;6522;6522;6522
2085;1;г. Элиста – с. Ремонтное – пос. Зимовники (от границы Калмыкии), км 144+700;47,00992;42,793153;1;2;0;2;6522;6522;6522;6522
2086;1;г. Элиста – с. Ремонтное – пос. Зимовники (от границы Калмыкии), км 42+300;46,460746;43,827634;1;2;0;2;6522;6522;6522;6522
2087;1;г. Шахты – ст. Раздорская – а/д «г. Шахты – г. Цимлянск», км 45+900;47,552155;40,641591;1;2;0;3;6134;6134;6134;6134
2088;1;подъезд от магистрали «Дон» к г. Зверево , км 7+700;48,007912;40,120434;1;2;0;2;5751;5751;5751;5751
2089;1;г. Аксай – х. Большой Лог – г. Новочеркасск, км 4+800;47,290335;39,914583;1;2;0;2;5384;5384;5384;5384
2090;1;г. Аксай – х. Большой Лог – г. Новочеркасск, км 7+200;47,304597;39,936579;1;2;0;2;5384;5384;5384;5384
2091;1;г. Ростов-на-Дону – х. Рогожкино, км 7+600;47,168068;39,55064;1;2;0;2;5285;5285;5285;5285
2092;1;«Магистраль «Дон» – ст. Ольгинская – х. Верхнеподпольный – автодорога г. Ростов-на-Дону (от магистрали «Дон») – г. Семикаракорск – г. Волгодонск, км 19+300;47,188423;40,066344;1;2;0;2;5120;5120;5120;5120
2093;1;«Магистраль «Дон» – ст. Ольгинская – х. Верхнеподпольный – автодорога г. Ростов-на-Дону (от магистрали «Дон») – г. Семикаракорск – г. Волгодонск, км 14+600;47,192216;40,004821;1;2;0;2;5120;5120;5120;5120
2094;1;соединительная между а/д «г. Шахты (от магистрали «Дон») – г. Красный Сулин» и а/д «г. Новошахтинск – г. Гуково», км 6+200;47,824598;39,996727;1;2;0;2;5000;5000;5000;5000
2095;1;с. Куйбышево – сл. Алексеево-Тузловка – сл. Родионово-Несветайская, км 76+850;47,671146;39,692091;1;2;0;2;4342;4342;4342;4342
2096;1;подъезд от дороги «г. Ростов-на-Дону (от магистрали «Дон») – г. Семикаракорск – г. Волгодонск» к ст. Романовская, км 2+500;47,539033;42,036659;1;3;1;2;4300;4300;4300;4300
2097;1;г. Шахты – ст. Владимировская (до магистрали «Дон»), км 32+200;47,935868;40,291178;1;2;0;2;4028;4028;4028;4028
2098;1;г. Морозовск – г. Цимлянск – г. Волгодонск, км 64+700;47,773066;41,964853;1;2;0;2;3700;3700;3700;3700
2099;1;г. Морозовск – г. Цимлянск – г. Волгодонск, км 69+100;47,74438;41,979056;1;2;0;4;3700;3700;3700;3700
2100;1;г. Морозовск – г. Цимлянск – г. Волгодонск, км 80+000;47,658195;42,044656;1;2;0;2;3700;3700;3700;3700
2101;1;г. Морозовск – г. Цимлянск – г. Волгодонск, км 28+350;48,077005;41,849124;1;2;0;3;3700;3700;3700;3700
2102;1;подъезд от «г. Ростов-на-Дону (от магистрали «Дон») – г. Семикаракорск – г. Волгодонск» к ст. Ольгинская , км 8+700;47,179328;39,957511;1;2;0;2;3699;3699;3699;3699
2103;1;подъезд от «г. Ростов-на-Дону (от магистрали «Дон») – г. Семикаракорск – г. Волгодонск» к ст. Ольгинская , км 0+580;47,132417;39,886466;1;2;0;2;3699;3699;3699;3699
2104;1;г. Зверево – г. Гуково, км 7+950;48,049358;40,034219;1;2;0;2;3693;3693;3693;3693
2105;1;г. Зверево – г. Гуково, км 4+100;48,040066;40,09302;1;2;0;2;3693;3693;3693;3693
2106;1;г. Ростов-на-Дону (от магистрали «Дон») – г. Азов (старое и новое направление), км 17+000;47,082989;39,508279;0;2;0;2;32681;32681;32681;32681
2107;1;г. Ростов-на-Дону (от магистрали «Дон») – г. Азов (старое и новое направление), км 13+850;47,079847;39,549082;1;2;0;2;32681;32681;32681;32681
2108;1;«г. Ростов-на-Дону (от магистрали «Дон») – г. Семикаракорск – г. Волгодонск» – г. Константиновск – пос. Тацинский, км 52+060;47,871891;41,283923;1;2;0;2;2582-11589;2582;11589;7086
2109;1;подъезд от магистрали «Дон» к зоне отдыха г. Ростова-на-Дону (по левому берегу р. Дон), км 4+200;47,213243;39,805372;1;2;0;2;20464;20464;20464;20464
2110;1;г. Аксай – х. Большой Лог – г. Новочеркасск, км 21+200;47,392392;40,059236;1;2;0;2;20000;20000;20000;20000
2111;1;М-4 Дон Москва - Воронеж - Ростов-на-Дону - Краснодар – Новороссийск (основное направление), км 958+250;48,06717;40,259585;1;1;0;4;1468-80232;1468;80232;40850
2112;1;М-4 Дон Москва - Воронеж - Ростов-на-Дону - Краснодар – Новороссийск (основное направление), км 1077+850;47,110928;39,841586;1;1;0;2;1468-80232;1468;80232;40850
2113;1;пос. Матвеев Курган – с. Авило-Успенка (до границы с Донецкой Народной Республикой) , км 1+200;47,600987;38,854377;1;2;0;2;11090;11090;11090;11090
2114;1;«Магистраль «Дон» – пос. Щепкин – г. Ростов-на-Дону, км 11+100;47,346248;39,789557;1;2;0;2;12041;12041;12041;12041
2115;1;пос. Матвеев Курган – с. Авило-Успенка (до границы с Донецкой Народной Республикой) , км 5+450;47,643529;38,820762;1;2;0;2;11090;11090;11090;11090
2116;1;Западный подъезд к г. Таганрогу, км 5+700;47,223259;38,842589;1;2;0;2;11000;11000;11000;11000
2117;1;А-135 Подъездная дорога от автомобильной дороги М-4 Дон к г. Ростову-на-Дону, западный подъезд, км 3+650;47,144877;39,673007;0;1;0;4;21692-52561;21692;52561;37127
2118;1;М-4 Дон Москва - Воронеж - Ростов-на-Дону - Краснодар – Новороссийск (основное направление), км 913+750;48,456798;40,34069;0;1;0;4;1468-80232;1468;80232;40850
2119;1;М-4 Дон Москва - Воронеж - Ростов-на-Дону - Краснодар – Новороссийск (основное направление), км 822+100;49,20782;40,627918;0;1;0;4;1468-80232;1468;80232;40850
2120;1;М-4 Дон Москва - Воронеж - Ростов-на-Дону - Краснодар – Новороссийск (основное направление), км 874+400;48,791533;40,395303;0;1;0;4;1468-80232;1468;80232;40850
2121;1;М-4 Дон Москва - Воронеж - Ростов-на-Дону - Краснодар – Новороссийск (основное направление), км 886+100;48,699208;40,345702;0;1;0;2;1468-80232;1468;80232;40850
2122;1;М-4 Дон Москва - Воронеж - Ростов-на-Дону - Краснодар – Новороссийск (основное направление), км 982+900;47,853231;40,197971;0;1;0;4;1468-80232;1468;80232;40850
2123;1;М-4 Дон Москва - Воронеж - Ростов-на-Дону - Краснодар – Новороссийск (основное направление), км 951+100;48,130486;40,25973;0;1;0;4;1468-80232;1468;80232;40850
2124;1;М-4 Дон Москва - Воронеж - Ростов-на-Дону - Краснодар – Новороссийск (основное направление), км 918+900;48,410164;40,340276;0;1;0;4;1468-80232;1468;80232;40850
2125;1;М-4 Дон Москва - Воронеж - Ростов-на-Дону - Краснодар – Новороссийск (основное направление), км 930+180;48,308913;40,31574;0;1;0;4;1468-80232;1468;80232;40850
2126;1;М-4 Дон Москва - Воронеж - Ростов-на-Дону - Краснодар – Новороссийск (основное направление), км 817+500;49,248104;40,637941;0;1;0;4;1468-80232;1468;80232;40850
2127;1;М-4 Дон Москва - Воронеж - Ростов-на-Дону - Краснодар – Новороссийск (основное направление), км 827+100;49,167709;40,599689;0;1;0;4;1468-80232;1468;80232;40850
2128;1;М-4 Дон Москва - Воронеж - Ростов-на-Дону - Краснодар – Новороссийск (основное направление), км 853+150;48,969515;40,450806;0;1;0;4;1468-80232;1468;80232;40850
2129;1;г. Ростов-на-Дону – сл. Родионово-Несветайская – г. Новошахтинск, км 37+100;47,603711;39,703658;0;2;0;2;13033;13033;13033;13033
2130;1;с. Дубовское – с. Заветное, км 92+170;47,123141;43,905977;0;2;0;2;12275;12275;12275;12275
2131;1;с. Дубовское – с. Заветное, км 90+430;47,129931;43,885223;0;2;0;2;12275;12275;12275;12275
2132;1;с. Дубовское – с. Заветное, км 52+050;47,268176;43,416208;0;2;0;2;12275;12275;12275;12275
2133;1;«Магистраль «Дон» – пос. Щепкин – г. Ростов-на-Дону, км 4+700;47,37834;39,833563;0;1;0;2;12041;12041;12041;12041
2134;1;Западный подъезд к г. Таганрогу, км 3+000;47,218561;38,809144;0;2;0;2;11000;11000;11000;11000
2135;1;М-4 Дон Москва - Воронеж - Ростов-на-Дону - Краснодар – Новороссийск (основное направление), км 904+250;48,536808;40,345529;0;1;0;4;1468-80232;1468;80232;40850
2136;1;г. Азов – с. Александровка – ст. Староминская (до границы Краснодарского края), км 22+600;46,956246;39,355747;0;2;0;2;8872;8872;8872;8872
2137;1;г. Азов – с. Александровка – ст. Староминская (до границы Краснодарского края), км 58+600;46,783558;39,028858;1;2;0;2;8872;8872;8872;8872
2138;1;г. Морозовск – г. Цимлянск – г. Волгодонск, км 93+900, дом 27Г;47,557098;42,126218;0;2;0;2;7622;7622;7622;7622
2139;1;Р-280 – «Новороссия» Ростов-на-Дону - Мариуполь – Мелитополь - Симферополь, км 7+400;47,265017;39,596089;0;1;0;4;6000-25000;6000;25000;15500
2140;1;г. Азов – с. Александровка – ст. Староминская (до границы Краснодарского края), км 14+050;47,013836;39,403606;0;2;0;2;16776;16776;16776;16776
2141;1;г. Ростов-на-Дону (от магистрали «Дон») – г. Азов (старое и новое направление), км 0+750;47,136688;39,679906;1;1;0;4;32681;32681;32681;32681
2142;1;Р-280 – «Новороссия» Ростов-на-Дону - Мариуполь – Мелитополь - Симферополь, км 13+250;47,271911;39,520061;0;1;0;4;6000-25000;6000;25000;15500
2143;1;«г. Ростов-на-Дону (от магистрали «Дон») – г. Семикаракорск – г. Волгодонск» – г. Константиновск – пос. Тацинский, км 36+500;47,808185;41,104831;0;2;0;2;2582-11589;2582;11589;7086
1094;2;г. Ростов-на-Дону, пр. 40-летия Победы, д. 2;47,23374;39,788815;1;3;1;6;0;0;0;0
1095;2;г. Ростов-на-Дону, Ворошиловский пр., д. 52А;47,22976;39,715654;1;3;1;6;0;0;0;0
1096;2;г. Ростов-на-Дону, Ворошиловский пр., д. 59;47,224343;39,717744;1;3;1;8;0;0;0;0
1097;2;г. Ростов-на-Дону, пл. Карла Маркса, д. 20;47,231626;39,761573;1;3;1;6;0;0;0;0
1098;2;г. Ростов-на-Дону, ул. Советская, д. 3;47,230486;39,761823;1;3;1;3;0;0;0;0
1099;2;г. Ростов-на-Дону, ул. Серафимовича, д. 49;47,21845;39,708599;1;3;1;6;5600;5600;5600;5600
1100;2;г. Волгодонск, ул. Железнодорожная, д. 4;47,500271;42,184152;1;3;1;2;1500;1500;1500;1500
1101;2;г. Ростов-на-Дону, Театральный пр., д. 58А;47,236623;39,737489;1;3;1;4;0;0;0;0
1102;2;г. Волгодонск, ул. Гагарина, д. 4;47,508435;42,198993;1;3;1;4;0;0;0;0
1103;2;город Таганрог, ул. Чехова, дом 6А;47,218316;38,89785;1;3;1;4;0;0;0;0
1104;2;г. Батайск, улица Максима Горького, д. 301А;47,137464;39,706447;1;3;1;2;2500;2500;2500;2500
1105;2;г.Шахты, Советская ул., 69;47,702306;40,228824;1;3;1;2;0;0;0;0
1106;2;г.Шахты, просп. Василия Алексеева, д.112В;47,707638;40,203662;1;3;1;2;0;0;0;0
1107;2;г. Волгодонск, пр. Строителей, д. 43;47,519409;42,203606;1;3;1;6;0;0;0;0
1108;2;город Таганрог, ул. Свободы/ Ленинградская ул.;47,213093;38,887353;1;3;1;2;0;0;0;0
1109;2;город Новочеркасск, улица Калинина, д. 53;47,485908;40,089225;1;3;1;2;0;0;0;0
1110;2;город Таганрог, Николаевское ш., дом 125А;47,252315;38,875361;1;3;1;2;0;0;0;0
1111;2;г. Азов, Московская ул. д.116А/1;47,104641;39,433736;1;3;1;4;0;0;0;0
1112;2;г. Азов, ул. Васильева, 92;47,104;39,408953;1;3;1;2;0;0;0;0
1113;2;г. Азов, ул. Московская, д. 60;47,109646;39,426856;1;3;1;4;0;0;0;0
1114;2;г. Таганрог, ул. Петровская, д. 120;47,221749;38,919246;1;3;1;2;0;0;0;0
1115;2;г. Азов, Московская ул. д.152;47,101246;39,43856;1;3;1;4;0;0;0;0
1116;2;г. Аксай, пр. Ленина, д. 35А;47,270467;39,861589;0;3;1;4;0;0;0;0
1117;2;г.Шахты, Парковая ул.,2Б;47,690862;40,252755;1;3;1;2;0;0;0;0
1118;2;г. Ростов-на-Дону, ул. Нансена, д. 355;47,244037;39,738553;1;3;1;2;0;0;0;0
1119;2;город Новочеркасск, Баклановский пр./ Магнитный пер.;47,422498;40,056171;0;3;1;2;0;0;0;0
1120;2;г. Волгодонск, пр. Мира, д. 49;47,530514;42,213348;1;3;1;6;0;0;0;0
1121;2;г. Азов, ул. Измайлова, д. 73;47,101654;39,415138;1;3;1;2;0;0;0;0
1122;2;г. Ростов-на-Дону, Советская ул, д. 9/2;47,230144;39,760303;1;3;1;3;0;0;0;0
1123;2;г. Ростов-на-Дону, Газетный пер., д. 90;47,228229;39,713509;1;3;1;2;0;0;0;0
1124;2;г. Ростов-на-Дону, Большая Садовая ул., д. 172;47,22658;39,738986;1;3;1;4;0;0;0;0
1125;2;г. Ростов-на-Дону, пл. Свободы, д. 3;47,229255;39,764711;1;3;1;4;0;0;0;0
1126;2;г. Ростов-на-Дону, Левобережная ул., д. 17к1;47,212062;39,743053;1;3;1;3;5600;5600;5600;5600
1127;2;г. Ростов-на-Дону, Театральный пл., д. 1;47,227837;39,746578;1;3;1;8;0;0;0;0
1128;2;г. Батайск, Коммунистическая ул., д. 91;47,145594;39,762464;0;3;1;2;0;0;0;0
1129;2;г. Азов, ул. Инзенская / ул. Васильева / Площадь Победы;47,101942;39,410154;0;3;1;4;0;0;0;0
1130;2;город Новочеркасск, Московская улица, дом 14;47,413427;40,098327;0;3;1;4;0;0;0;0
1131;2;г. Азов, ул. Московская / пр-д Объездной / пер. Трудовой;47,090185;39,45407;0;3;1;2;0;0;0;0
1132;2;г. Азов, Московская ул/пер. Маяковского;47,099209;39,441422;0;3;1;2;0;0;0;0
1133;2;г. Волгодонск, ул. Академика Королёва, д. 8;47,530371;42,210291;0;3;1;6;0;0;0;0
1134;2;г. Азов, ул. Московская / пл. Петровская;47,112549;39,4227;0;3;1;2;0;0;0;0
1135;2;г. Азов, Петровский бульв. / Привокзальная ул. / Пл. Победы;47,101464;39,412558;0;3;1;2;0;0;0;0
1136;2;город Новочеркасск, Московская улица/ улица Дубровского;47,41605;40,096347;0;3;1;4;0;0;0;0
1137;2;г. Волгодонск, ул. Ленинградская / ул. Карла Маркса;47,533479;42,201632;0;3;1;4;0;0;0;0
1138;2;г. Ростов-на-Дону, пр. Стачки/ ул. Тружеников;47,21224;39,646223;0;3;1;3;0;0;0;0
1139;2;г. Ростов-на-Дону, ул. Нансена, д. 255/1;47,244335;39,725161;0;3;1;2;0;0;0;0
1140;2;г. Ростов-на-Дону, ул. Доватора, д. 92А;47,238642;39,635719;0;3;1;3;0;0;0;0
1141;2;г. Батайск, ул. Максима Горького/ул. Куйбышева;47,140888;39,739707;0;3;1;2;2500;2500;2500;2500
1142;2;г. Батайск, ул. Северный Массив/ул. Энгельса;47,155669;39,74628;0;3;1;2;2500;2500;2500;2500
1143;2;г. Батайск, ул. Максима Горького/ул. Энгельса;47,14243;39,749689;0;3;1;2;2500;2500;2500;2500
1144;2;г. Ростов-на-Дону, Таганрогская ул., д. 122;47,257883;39,645065;0;3;1;4;17600;17600;17600;17600
1145;2;г. Батайск, Промышленная ул./Ольгинский тупик;47,10165;39,760675;0;3;1;2;2500;2500;2500;2500
1146;2;г. Батайск, улица Максима Горького, д. 285К;47,138312;39,717877;0;3;1;3;2500;2500;2500;2500
1147;2;г. Батайск, ул. Кулагина/ул. Клары Цеткин;47,117926;39,743594;0;3;1;2;2500;2500;2500;2500
1148;2;г. Батайск, ул. Энгельса/ул. Кулагина;47,117769;39,751371;0;3;1;2;2500;2500;2500;2500
1149;2;г. Батайск, ул. Северный Массив/ул. Куйбышева;47,153704;39,737241;0;3;1;2;2500;2500;2500;2500
1150;2;г. Батайск, Ленинградская ул./ул. Энгельса;47,15136;39,747473;0;3;1;2;2500;2500;2500;2500
1151;2;г. Батайск, Ленинградская ул./ул. Куйбышева;47,150972;39,73759;0;3;1;2;2500;2500;2500;2500
1152;2;г. Ростов-на-Дону, Советская ул./Театральный пр.;47,227447;39,743007;0;3;1;5;0;0;0;0
1153;2;" ст. Тацинская ул. Луговая вблизи дома № 4 / ""участок автомобильной дороги ст. Тацинская, пер. Транспортный, ул. Луговая, д.4-д.8, пер. Соревнования"" ";48,194657;41,294308;0;3;1;2;1000;1000;1000;1000
1154;2;п. Каяльский  ул. Ленина 23А;46,886304;39,676083;1;3;1;2;100;100;100;100
1155;2;город Новочеркасск, Пушкинская улица/ Троицкая улица;47,420018;40,08866;0;3;1;2;0;0;0;0
1156;2;г. Волгодонск, ул. Морская, д. 31;47,51622;42,160127;1;3;1;4;0;0;0;0
1157;2;г. Волгодонск, пр. Курчатова, д. 26;47,521603;42,204529;1;3;1;6;0;0;0;0
1158;2;город Таганрог, ул. Ломакина, дом 2А;47,20044;38,915652;1;3;1;2;0;0;0;0
1159;2;город Таганрог, Транспортная ул., д. 129-5;47,238101;38,884976;1;3;1;4;0;0;0;0
1160;2;г. Азов, ул. Севастопольская / ул. Васильева;47,107781;39,406686;0;3;1;2;0;0;0;0
1161;2;г. Волгодонск, ул. Черникова / ул. Энтузиастов;47,523317;42,197815;0;3;1;4;0;0;0;0
1162;2;город Таганрог, ул. Дзержинского/ Парковый пер.;47,236639;38,917217;0;3;1;2;0;0;0;0
1163;2;г. Волгодонск, ул. Энтузиастов, д. 22А;47,518529;42,196146;1;3;1;4;0;0;0;0
1164;2;г. Волгодонск, пр. Мира, д. 60/11;47,528004;42,222329;1;3;1;6;7500;7500;7500;7500
1165;2;г. Волгодонск, пр. Мира, д. 93;47,539162;42,202641;1;3;1;6;2500;2500;2500;2500
1166;2;г. Волгодонск, пр. Строителей, д. 4/6;47,514189;42,194316;1;3;1;6;19000;19000;19000;19000
1167;2;г. Батайск, Ленинградская ул., д. 74;47,151807;39,755987;1;3;1;2;2500;2500;2500;2500
1168;2;г. Батайск, ул. Ключевая, д. 1;47,108324;39,746349;1;3;1;2;2500;2500;2500;2500
1169;2;г.Шахты, Садовая ул., 33А;47,706585;40,197043;1;3;1;2;0;0;0;0
1170;2;г.Шахты, просп. Ленинского Комсомола, 11Г;47,737899;40,313922;1;3;1;2;0;0;0;0
1171;2;г. Ростов-на-Дону, Красноармейская ул, д. 72;47,225414;39,700778;1;3;1;5;0;0;0;0
1172;2;г. Ростов-на-Дону, Левобережная ул., д. 47к2;47,20995;39,753869;1;3;1;2;5600;5600;5600;5600
1173;2;г. Ростов-на-Дону, ул. Московская, д.79;47,219447;39,718304;1;3;1;3;0;0;0;0
1174;2;г.Шахты, Советская ул., 95А;47,704072;40,225411;1;3;1;4;0;0;0;0
1175;2;город Новочеркасск, Комитетская ул./ просп. Ермака;47,416115;40,105822;0;3;1;2;0;0;0;0
1176;2;пр.Александровск-Грушевский- автомобильная дорога от пр-п Александровск- Грушевский до ул.Нагорная;47,718834;40,258709;0;3;1;2;1500;1500;1500;1500
1177;2;г. Ростов-на-Дону, Совхозная ул., д. 12;47,223794;39,564121;1;3;1;2;0;0;0;0
1178;2;г. Ростов-на-Дону, пр. Ленина, д. 116А;47,249017;39,738523;1;3;1;4;26000;26000;26000;26000
1179;2;г. Ростов-на-Дону, Орбитальная ул., д. 74;47,30249;39,731921;1;3;1;2;0;0;0;0
1180;2;г. Ростов-на-Дону, ул. Города Ле-Ман, д. 3;47,205033;39,621537;1;3;1;2;0;0;0;0
1181;2;г. Аксай, Садовая ул., д. 1А;47,270382;39,862252;1;3;1;2;0;0;0;0
1182;2;г. Ростов-на-Дону, пр. Стачки/Портовая ул.;47,213472;39,694776;0;3;1;6;0;0;0;0
1183;2;г. Ростов-на-Дону, Орбитальная ул./Обсерваторная ул.;47,301478;39,722865;0;3;1;2;0;0;0;0
1184;2;г. Ростов-на-Дону, ул. Доватора/пр. Солженицына;47,237867;39,589577;0;3;1;2;0;0;0;0
1185;2;г. Ростов-на-Дону, Кировский пр./ул. Суворова;47,225996;39,73019;0;3;1;4;0;0;0;0
1186;2;г. Таганрог, ул. Москатова / ул. Нестора Кукольника;47,260121;38,912008;0;3;1;2;0;0;0;0
1187;2;г. Ростов-на-Дону, Батуринская ул./Международная ул.;47,207404;39,664222;0;3;1;2;0;0;0;0
1188;2;г. Ростов-на-Дону, Береговая ул., д. 25Б;47,214228;39,716245;1;3;1;2;0;0;0;0
1189;2;город Новочеркасск, Харьковское ш./ ул. Калинина;47,486042;40,102951;0;3;1;2;0;0;0;0
1190;2;г. Ростов-на-Дону, Большая Садовая ул./пр. Кировский;47,224962;39,730653;0;3;1;5;5600;5600;5600;5600
1191;2;г. Ростов-на-Дону, ул. 339-й Стрелковой Дивизии, д. 10А/18;47,22504;39,626894;1;3;1;6;0;0;0;0
1192;2;г.Шахты, Советская ул./Комиссаровский пер.;47,7054;40,222626;0;3;1;2;0;0;0;0
1193;2;г.Шахты, Советская ул.,/просп.Карла Маркса;47,712233;40,208483;0;3;1;2;0;0;0;0
1194;2;г.Шахты, Советская ул./Донской пер.;47,713747;40,205383;0;3;1;4;0;0;0;0
1195;2;г.Шахты, просп. Ленинского Комсомола, 1Р;47,734888;40,302113;1;3;1;2;0;0;0;0
1196;2;г. Волгодонск, пер. Первомайский / ул. Максима Горького;47,519174;42,141221;0;3;1;2;3500-5000;3500;5000;4250
1197;2;г.Шахты, просп. Победа Революции, 130Г;47,70363;40,211766;1;3;1;2;0;0;0;0
2144;2;Р-260 - Волгоград - Каменск-Шахтинский - Луганск, км 315+600;48,176683;40,635119;1;1;0;2;325-11522;325;11522;5924
2145;2;г. Ростов-на-Дону (от магистрали «Дон») – г. Ставрополь (до границы Ставропольского края), км 91+450;46,568302;40,630209;0;2;0;2;4500-9908;4500;9908;7204
2146;2;г. Ростов-на-Дону (от магистрали «Дон») – г. Ставрополь (до границы Ставропольского края), км 161+150;46,109874;41,16403;0;2;0;2;4500-9908;4500;9908;7204
2147;2;г. Морозовск – г. Цимлянск – г. Волгодонск, км 14+000;47,684505;42,028248;0;2;0;2;3700;3700;3700;3700
2148;2;сл. Родионово-Несветайская – г. Новочеркасск, км 7+000;47,557793;39,768582;1;2;0;2;3250;3250;3250;3250
2149;2;г. Семикаракорск – сл. Большая Мартыновка – пос. Красноармейский, км 71+900;47,274457;41,685842;0;2;0;2;3014-3428;3014;3428;3221
2150;2;г. Семикаракорск – сл. Большая Мартыновка – пос. Красноармейский, км 6+950;47,482151;40,947299;1;2;0;4;3014-3428;3014;3428;3221
2151;2;г. Семикаракорск – сл. Большая Мартыновка – пос. Красноармейский, км 22+400;47,39178;41,090002;0;2;0;2;3014-3428;3014;3428;3221
2152;2;г. Семикаракорск – сл. Большая Мартыновка – пос. Красноармейский, км 9+000;47,477523;40,971818;1;2;0;2;3014-3428;3014;3428;3221
2153;2;с. Дубовское – с. Заветное, км 27+450;47,321791;43,116207;1;2;0;4;12275;12275;12275;12275
2154;2;г. Котельниково – пос. Зимовники – г. Сальск – с. Песчанокопское (от границы Волгоградской области), км 42+400;47,411268;42,749909;1;2;0;2;1308-4576;1308;4576;2942
2155;2;г. Котельниково – пос. Зимовники – г. Сальск – с. Песчанокопское (от границы Волгоградской области), км 48+500;47,373481;42,684562;1;2;0;2;1308-4576;1308;4576;2942
2156;2;г. Котельниково – пос. Зимовники – г. Сальск – с. Песчанокопское (от границы Волгоградской области), км 77+600;47,161554;42,473769;0;2;0;2;1308-4576;1308;4576;2942
2157;2;г. Котельниково – пос. Зимовники – г. Сальск – с. Песчанокопское (от границы Волгоградской области), км 80+180;47,145923;42,450173;0;2;0;2;1308-4576;1308;4576;2942
2158;2;г. Котельниково – пос. Зимовники – г. Сальск – с. Песчанокопское (от границы Волгоградской области), км 78+980;47,150951;42,462184;1;2;0;2;1308-4576;1308;4576;2942
2159;2;г. Котельниково – пос. Зимовники – г. Сальск – с. Песчанокопское (от границы Волгоградской области), км 60+400;47,28853;42,596532;1;2;0;2;1308-4576;1308;4576;2942
2160;2;г. Котельниково – пос. Зимовники – г. Сальск – с. Песчанокопское (от границы Волгоградской области), км 221+650;46,250004;41,315065;1;1;0;2;1308-4576;1308;4576;2942
2161;2;г. Котельниково – пос. Зимовники – г. Сальск – с. Песчанокопское (от границы Волгоградской области), км 192+120;46,460771;41,470147;0;2;0;2;1308-4576;1308;4576;2942
2162;2;г. Котельниково – пос. Зимовники – г. Сальск – с. Песчанокопское (от границы Волгоградской области), км 178+400;46,54604;41,587783;1;2;0;2;1308-4576;1308;4576;2942
2163;2;х. Усьман – пос. Весёлый – г. Сальск, км 113+200;46,757642;41,380668;1;2;0;2;393-4590;393;4590;2492
2164;2;х. Усьман – пос. Весёлый – г. Сальск, км 103+400;46,836467;41,333208;1;2;0;2;393-4590;393;4590;2492
2165;2;х. Усьман – пос. Весёлый – г. Сальск, км 74+300;46,984681;41,115213;1;2;0;2;393-4590;393;4590;2492
2166;2;х. Усьман – пос. Весёлый – г. Сальск, км 63+400;47,026037;40,985909;1;2;0;2;393-4590;393;4590;2492
2167;2;х. Усьман – пос. Весёлый – г. Сальск, км 43+400;47,091504;40,742066;1;2;0;2;393-4590;393;4590;2492
2168;2;х. Усьман – пос. Весёлый – г. Сальск, км 27+600;47,09283;40,533825;1;2;0;2;393-4590;393;4590;2492
2169;2;х. Усьман – пос. Весёлый – г. Сальск, км 82+900;46,977687;41,213533;1;2;0;2;393-4590;393;4590;2492
2170;2;ст. Егорлыкская – г. Сальск, км 25+700;46,532117;40,971872;1;2;0;2;1224-6675;1224;6675;3950
2171;2;ст. Егорлыкская – г. Сальск, км 44+900;46,530371;41,18781;1;2;0;2;1224-6675;1224;6675;3950
2172;2;г. Котельниково – пос. Зимовники – г. Сальск – с. Песчанокопское (от границы Волгоградской области), км 196+300;46,423615;41,467362;1;2;0;2;1308-4576;1308;4576;2942
2173;2;г. Котельниково – пос. Зимовники – г. Сальск – с. Песчанокопское (от границы Волгоградской области), км 214+600;46,281271;41,384552;1;2;0;2;1308-4576;1308;4576;2942
2174;2;х. Усьман – пос. Весёлый – г. Сальск, км 124+050;46,686202;41,448103;0;2;0;2;393-4590;393;4590;2492
2175;2;х. Усьман – пос. Весёлый – г. Сальск, км 51+650;47,063207;40,842261;0;2;0;2;393-4590;393;4590;2492
2176;2;х. Усьман – пос. Весёлый – г. Сальск, км 11+500;47,09263;40,321728;1;2;0;2;393-4590;393;4590;2492
2177;2;Р-260 - Волгоград - Каменск-Шахтинский - Луганск, км 357+400;48,297248;40,245483;1;1;0;2;325-11522;325;11522;5924
2178;2;Р-260 - Волгоград - Каменск-Шахтинский - Луганск, км 265+300;48,236683;41,249228;1;2;0;2;325-11522;325;11522;5924
2179;2;Р-260 - Волгоград - Каменск-Шахтинский - Луганск, км 260+300;48,232299;41,31203;1;2;0;2;325-11522;325;11522;5924
2180;2;Р-260 - Волгоград - Каменск-Шахтинский - Луганск, км 367+700;48,304021;40,154136;1;2;0;2;325-11522;325;11522;5924
2181;2;Р-260 - Волгоград - Каменск-Шахтинский - Луганск, км 210+100;48,384179;41,925641;1;2;0;2;325-11522;325;11522;5924
2182;2;Р-260 - Волгоград - Каменск-Шахтинский - Луганск, км 358+200;48,295177;40,24205;1;2;0;2;325-11522;325;11522;5924
2183;2;Р-260 - Волгоград - Каменск-Шахтинский - Луганск, км 354+450;48,272913;40,27205;1;2;0;2;325-11522;325;11522;5924
2184;2;Р-260 - Волгоград - Каменск-Шахтинский - Луганск, км 357+100;48,294607;40,248246;0;2;0;2;325-11522;325;11522;5924
2185;2;Р-260 - Волгоград - Каменск-Шахтинский - Луганск, км 282+700;48,261518;41,03655;1;2;0;2;325-11522;325;11522;5924
2186;2;Р-260 - Волгоград - Каменск-Шахтинский - Луганск, км 252+200;48,244003;41,41646;1;2;0;2;325-11522;325;11522;5924
2187;2;подъезд от «г. Миллерово – ст. Вешенская» к х. Калининский, км 0+800;49,588326;41,701399;1;2;0;2;1744-4650;1744;4650;3197
2188;2;подъезд от «г. Миллерово – ст. Вешенская» к х. Калининский, км 7+000;49,586675;41,760754;1;2;0;2;1744-4650;1744;4650;3197
2189;2;подъезд от «г. Миллерово – ст. Вешенская» к х. Калининский, км 5+600;49,591495;41,742087;1;2;0;2;1744-4650;1744;4650;3197
2190;2;«Магистраль «Дон» – пос. Чертково, км 31+350;49,370134;40,178938;1;2;0;2;1912-3945;1912;3945;2929
2191;2;«Магистраль «Дон» – пос. Чертково, км 8+300;49,399646;40,479067;1;2;0;2;1912-3945;1912;3945;2929
2192;2;«Магистраль «Дон» – пос. Чертково, км 23+100;49,391424;40,283074;1;2;0;2;1912-3945;1912;3945;2929
2193;2;А-270 – автомобильная дорога М-4 «Дон» - Новошахтинск - граница с Луганской Народной Республикой, км 889+150;47,799744;39,904687;1;1;0;4;1207-7068;1207;7068;4138
2194;2;«Магистраль «Дон» – пос. Чертково, км 26+300;49,381619;40,258883;1;2;0;2;1912-3945;1912;3945;2929
2195;2;ст. Обливская – ст. Советская – ст. Боковская – ст. Каргинская, км 118+350;49,352706;41,629656;0;2;0;2;1598-3308;1598;3308;2453
2196;2;ст. Обливская – ст. Советская – ст. Боковская – ст. Каргинская, км 96+100;49,220625;41,823353;0;2;0;2;1598-3308;1598;3308;2453
2197;2;ст. Обливская – ст. Советская – ст. Боковская – ст. Каргинская, км 97+500;49,232089;41,818009;1;2;0;2;1598-3308;1598;3308;2453
2198;2;ст. Обливская – ст. Советская – ст. Боковская – ст. Каргинская, км 80+000;49,135281;41,998035;1;2;0;2;1598-3308;1598;3308;2453
2199;2;ст. Обливская – ст. Советская – ст. Боковская – ст. Каргинская, км 87+850;49,168402;41,905494;0;2;0;2;1598-3308;1598;3308;2453
2200;2;ст. Обливская – ст. Советская – ст. Боковская – ст. Каргинская, км 84+100;49,150155;41,948038;1;2;0;2;1598-3308;1598;3308;2453
2201;2;ст. Обливская – ст. Советская – ст. Боковская – ст. Каргинская, км 53+050;48,931055;42,151385;0;2;0;2;1598-3308;1598;3308;2453
2202;2;ст. Обливская – ст. Советская – ст. Боковская – ст. Каргинская, км 27+700;48,754542;42,336799;1;2;0;2;1598-3308;1598;3308;2453
2203;2;ст. Обливская – ст. Советская – ст. Боковская – ст. Каргинская, км 115+400;49,344916;41,65406;0;2;0;2;1598-3308;1598;3308;2453
2204;2;А-270 – автомобильная дорога М-4 «Дон» - Новошахтинск - граница с Луганской Народной Республикой, км 883+000;47,83786;39,852555;0;1;0;2;1207-7068;1207;7068;4138
2205;2;А-270 – автомобильная дорога М-4 «Дон» - Новошахтинск - граница с Луганской Народной Республикой, км 893+700;47,767229;39,940519;1;1;0;4;1207-7068;1207;7068;4138
2206;2;А-270 – автомобильная дорога М-4 «Дон» - Новошахтинск - граница с Луганской Народной Республикой, км 892+600;47,773335;39,929551;1;1;0;4;1207-7068;1207;7068;4138
2207;2;х. Усьман – пос. Весёлый – г. Сальск, км 42+050;47,094992;40,72556;1;2;0;2;393-4590;393;4590;2492
2208;2;г. Котельниково – пос. Зимовники – г. Сальск – с. Песчанокопское (от границы Волгоградской области), км 185+750;46,499966;41,521109;0;2;0;2;1308-4576;1308;4576;2942
2209;2;г. Котельниково – пос. Зимовники – г. Сальск – с. Песчанокопское (от границы Волгоградской области), км 102+600;47,04237;42,204333;1;2;0;2;1308-4576;1308;4576;2942
2210;2;г. Котельниково – пос. Зимовники – г. Сальск – с. Песчанокопское (от границы Волгоградской области), км 124+700;46,885705;42,040919;1;2;0;2;1308-4576;1308;4576;2942
2211;2;х. Усьман – пос. Весёлый – г. Сальск, км 21+800;47,092785;40,456457;1;2;0;2;393-4590;393;4590;2492
2212;2;А-270 – автомобильная дорога М-4 «Дон» - Новошахтинск - граница с Луганской Народной Республикой, км 896+100;47,755048;39,966642;1;1;0;4;1207-7068;1207;7068;4138
2213;2;А-270 – автомобильная дорога М-4 «Дон» - Новошахтинск - граница с Луганской Народной Республикой, км 898+000;47,74615;39,987988;0;1;0;4;1207-7068;1207;7068;4138
2214;2;г. Ростов-на-Дону (от магистрали «Дон») – г. Ставрополь (до границы Ставропольского края), км 94+700;46,549965;40,650943;1;2;0;2;4500-9908;4500;9908;7204
2215;2;г. Семикаракорск – сл. Большая Мартыновка – пос. Красноармейский, км 37+800;47,336152;41,2673;1;2;0;2;3014-3428;3014;3428;3221
2216;2;пос. Веселый – х. Верхнесоленый – х. Ажинов, км 1+000;47,097237;40,753701;1;2;0;2;2466-5916;2466;5916;4191
2217;2;г. Шахты – г. Цимлянск, км 146+030;47,676134;41,987894;1;2;0;2;3200;3200;3200;3200
2218;2;х. Усьман – пос. Весёлый – г. Сальск, км 38+250;47,096039;40,671626;1;2;0;2;2466-5916;2466;5916;4191
2219;2;г. Ростов-на-Дону (от магистрали «Дон») – г. Ставрополь (до границы Ставропольского края), км 118+800;46,376488;40,817335;1;2;0;2;4500-9908;4500;9908;7204
2220;2;х. Усьман – пос. Весёлый – г. Сальск, км 34+200;47,094045;40,620354;1;2;0;2;2466-5916;2466;5916;4191
2221;2;Р-280 – «Новороссия» Ростов-на-Дону - Мариуполь – Мелитополь - Симферополь, км 67+700;47,267935;38,841844;1;1;0;2;3350-25994;3350;25994;14672
2222;2;Р-260 - Волгоград - Каменск-Шахтинский - Луганск, км 300+100;48,210822;40,823016;1;1;0;2;325-11522;325;11522;5924
2223;2;г. Котельниково – пос. Зимовники – г. Сальск – с. Песчанокопское (от границы Волгоградской области), км 226+000;46,241478;41,26769;1;2;0;2;1308-4576;1308;4576;2942
2224;2;Р-260 - Волгоград - Каменск-Шахтинский - Луганск, км 338+600;48,182796;40,324244;0;1;0;4;325-11522;325;11522;5924
2225;2;Р-280 – «Новороссия» Ростов-на-Дону - Мариуполь – Мелитополь - Симферополь, км 52+400;47,318955;39,020602;0;1;0;4;3350-25994;3350;25994;14672
2226;2;г. Новошахтинск – г. Гуково, км 32+500;48,026143;39,925145;0;2;0;2;8277;8277;8277;8277
2227;2;г. Новочеркасск – пос. Багаевский, км 20+300;47,407419;40,256248;0;2;0;2;8240;8240;8240;8240
2228;2;г. Аксай – х. Большой Лог – г. Новочеркасск, км 12+650;47,33776;39,98776;0;2;0;2;5384;5384;5384;5384
2229;2;«Магистраль «Дон» – ст. Ольгинская – х. Верхнеподпольный – автодорога г. Ростов-на-Дону (от магистрали «Дон») – г. Семикаракорск – г. Волгодонск, км 8+100;47,198307;39,936328;0;2;0;2;5120;5120;5120;5120
2230;2;г. Ростов-на-Дону (от магистрали «Дон») – г. Ставрополь (до границы Ставропольского края), км 25+200;46,972111;40,052219;0;2;0;3;4500-9908;4500;9908;7204
2231;2;г. Ростов-на-Дону (от магистрали «Дон») – г. Ставрополь (до границы Ставропольского края), км 55+700;46,8041;40,345122;1;2;0;2;4500-9908;4500;9908;7204
2232;2;г. Ростов-на-Дону (от магистрали «Дон») – г. Ставрополь (до границы Ставропольского края), км 22+750;46,986616;40,028049;1;2;0;2;4500-9908;4500;9908;7204
2233;2;г. Зверево – г. Гуково, км 2+600;48,045524;40,117347;0;2;0;2;3693;3693;3693;3693
2234;2;«Волгоград – Каменск-Шахтинский» – пос. Горняцкий – х. Ильинка, км 27+500;48,427319;40,939339;1;2;0;2;3284;3284;3284;3284
2235;2;г. Ростов-на-Дону (от магистрали «Дон») – г. Азов (старое и новое направление), км 6+250;47,102996;39,637951;0;2;0;2;32681;32681;32681;32681
2236;2;Подъезд к г. Новочеркасску, км 5+000;47,420167;40,032285;0;2;0;2;29584;29584;29584;29584
2237;2;г. Миллерово – ст. Вешенская, км 141+500;49,6081;41,693672;1;2;0;2;2881-7397;2881;7397;5139
2238;2;г. Миллерово – ст. Вешенская, км 146+400;49,64548;41,711108;0;2;0;2;2881-7397;2881;7397;5139
2239;2;г. Миллерово – ст. Вешенская, км 125+950;49,4712;41,707541;1;2;0;2;2881-7397;2881;7397;5139
2240;2;г. Миллерово – ст. Вешенская, км 140+150;49,594517;41,695444;0;2;0;2;2881-7397;2881;7397;5139
2241;2;г. Миллерово – ст. Вешенская, км 3+000;48,935241;40,42959;0;2;0;2;2881-7397;2881;7397;5139
2242;2;г. Миллерово – ст. Вешенская, км 24+300;49,000681;40,680226;1;2;0;2;2881-7397;2881;7397;5139
2243;2;г. Миллерово – ст. Вешенская, км 51+700;49,030277;41,02592;1;2;0;2;2881-7397;2881;7397;5139
2244;2;г. Миллерово – ст. Вешенская, км 48+950;49,020937;40,998515;0;2;0;2;2881-7397;2881;7397;5139
2245;2;г. Миллерово – ст. Вешенская, км 75+000;49,207078;41,191414;1;2;0;2;2881-7397;2881;7397;5139
2246;2;г. Миллерово – ст. Вешенская, км 92+050;49,274652;41,396283;1;2;0;2;2881-7397;2881;7397;5139
2247;2;г. Миллерово – ст. Вешенская, км 80+600;49,237566;41,250806;0;2;0;2;2881-7397;2881;7397;5139
2248;2;г. Миллерово – ст. Вешенская, км 47+400;49,026186;40,979584;0;2;0;2;2881-7397;2881;7397;5139
2249;2;г. Миллерово – ст. Вешенская, км 1+900;48,929974;40,416604;1;2;0;2;2881-7397;2881;7397;5139
2250;2;г. Миллерово – ст. Вешенская, км 110+850;49,35838;41,592023;0;2;0;2;2881-7397;2881;7397;5139
2251;2;г. Миллерово – ст. Вешенская, км 9+700;48,97219;40,500096;1;2;0;2;2881-7397;2881;7397;5139
2252;2;«г. Ростов-на-Дону (от магистрали «Дон») – г. Семикаракорск – г. Волгодонск» – г. Константиновск – пос. Тацинский, км 74+000;48,038129;41,314409;0;2;0;2;2582-11589;2582;11589;7086
2253;2;г. Миллерово – ст. Вешенская, км 137+400;49,570959;41,700904;0;2;0;2;2881-7397;2881;7397;5139
2254;2;г. Миллерово – г. Луганск (до границы с Луганской Народной Республикой) , км 37+750;48,909278;39,948517;1;2;0;2;2076-4463;2076;4463;3270
2255;2;г. Миллерово – г. Луганск (до границы с Луганской Народной Республикой) , км 16+250;48,890405;40,221833;1;2;0;2;2076-4463;2076;4463;3270
2256;2;г. Миллерово – ст. Вешенская, км 105+300;49,335353;41,553619;0;2;0;2;2881-7397;2881;7397;5139
2257;2;ст. Вешенская – х. Колундаевский – х. Поповский (до границы Волгоградской области), км 31+500;49,816141;41,933126;1;2;0;2;2063-4347;2063;4347;3205
2258;2;ст. Вешенская – х. Колундаевский – х. Поповский (до границы Волгоградской области), км 17+350;49,757194;41,842747;1;2;0;2;2063-4347;2063;4347;3205
2259;2;ст. Вешенская – х. Колундаевский – х. Поповский (до границы Волгоградской области), км 0+200;49,639139;41,731279;1;2;0;2;2063-4347;2063;4347;3205
2260;2;ст. Вешенская – х. Колундаевский – х. Поповский (до границы Волгоградской области), км 7+300;49,700028;41,756167;1;2;0;2;2063-4347;2063;4347;3205
2261;2;ст. Вешенская – х. Колундаевский – х. Поповский (до границы Волгоградской области), км 9+750;49,720235;41,762562;1;2;0;2;2063-4347;2063;4347;3205
2262;2;г. Новочеркасск – пос. Каменоломни, км 13+420;47,51302;40,107914;1;2;0;2;18360;18360;18360;18360
2263;2;г. Ростов-на-Дону – сл. Родионово-Несветайская – г. Новошахтинск, км 56+400;47,746771;39,826719;1;2;0;2;13033;13033;13033;13033
2264;2;г. Азов – с. Александровка – ст. Староминская (до границы Краснодарского края), км 32+300;46,873904;39,320581;1;2;0;2;16776;16776;16776;16776
2265;2;г. Азов – с. Александровка – ст. Староминская (до границы Краснодарского края), км 13+050;47,023487;39,404634;1;2;0;2;16776;16776;16776;16776
2266;2;г. Ростов-на-Дону (от магистрали Дон) - г. Семикаракорск - г. Волгодонск, км 97+350;47,508728;40,853648;0;2;0;2;8963;8963;8963;8963
2267;2;г. Элиста – с. Ремонтное – пос. Зимовники (от границы Калмыкии), км 51+000;46,508775;43,739165;0;2;0;2;6522;6522;6522;6522
2268;2;г. Таганрог – с. Покровское, км 3+860;47,321376;38,870685;0;2;0;2;5700;5700;5700;5700
2269;2;г. Ростов-на-Дону (от магистрали «Дон») – г. Ставрополь (до границы Ставропольского края), км 65+700;46,757499;40,450381;1;2;0;2;4500-9908;4500;9908;7204
2270;2;г. Ростов-на-Дону (от магистрали «Дон») – г. Ставрополь (до границы Ставропольского края), км 38+850;46,876866;40,157602;0;2;0;2;4500-9908;4500;9908;7204
2271;2;г. Шахты – г. Цимлянск, км 86+050;47,644314;41,231444;1;2;0;2;3200;3200;3200;3200
2272;2;г. Шахты – г. Цимлянск, км 95+150;47,657021;41,34118;0;2;0;2;3200;3200;3200;3200
2273;2;г. Миллерово – ст. Вешенская, км 133+250;49,534183;41,696547;1;2;0;2;2881-7397;2881;7397;5139
2274;2;г. Ростов-на-Дону – сл. Родионово-Несветайская – г. Новошахтинск, км 39+650;47,620409;39,723741;1;2;0;2;13033;13033;13033;13033
2275;2;г. Ростов-на-Дону – сл. Родионово-Несветайская – г. Новошахтинск, км 16+900;47,442907;39,645492;1;2;0;2;13033;13033;13033;13033
2276;2;Подъезд к аэропорту «Южный» , км 14+000;47,493658;39,950781;1;2;0;4;6450;6450;6450;6450
2277;2;г. Миллерово – ст. Вешенская, км 144+700;49,634371;41,696865;1;2;0;2;2881-7397;2881;7397;5139
2278;2;г. Семикаракорск – сл. Большая Мартыновка – пос. Красноармейский, км 33+600;47,348899;41,218273;1;2;0;2;3014-3428;3014;3428;3221
2279;2;г. Миллерово – ст. Вешенская, км 53+050;49,041336;41,040013;1;2;0;2;2881-7397;2881;7397;5139
2280;2;г. Ростов-на-Дону (от магистрали «Дон») – г. Ставрополь (до границы Ставропольского края), км 89+400;46,587709;40,631306;0;2;0;2;4500-9908;4500;9908;7204
2281;2;г. Ростов-на-Дону (от магистрали «Дон») – г. Ставрополь (до границы Ставропольского края), км 135+650;46,272045;40,969932;1;2;0;2;4500-9908;4500;9908;7204
2282;2;«Магистраль «Дон» – ст. Ольгинская – х. Верхнеподпольный – автодорога г. Ростов-на-Дону (от магистрали «Дон») – г. Семикаракорск – г. Волгодонск, км 2+300;47,235082;39,882202;0;2;0;2;5120;5120;5120;5120
1198;3;г. Ростов-на-Дону, Портовая ул., д. 44;47,211079;39,693697;1;3;1;2;0;0;0;0
1199;3;г. Волгодонск, ул. Дружбы, д. 12;47,519891;42,214976;1;3;1;2;3500;3500;3500;3500
1200;3;г. Азов, пр. Зои Космодемьянской / ул. Мира;47,103711;39,424858;0;3;1;2;0;0;0;0
1201;3;г. Азов, пер. Осипенко, 58;47,097722;39,427148;1;3;1;2;0;0;0;0
1202;3;г. Батайск, ул. Энгельса, д. 103;47,147799;39,7482;1;3;1;2;0;0;0;0
1203;3;г. Ростов-на-Дону, г. Александровский мост;47,232634;39,785018;1;3;1;2;0;0;0;0
1204;3;г. Ростов-на-Дону, пр. Шолохова, д. 183;47,254432;39,792059;1;3;1;6;0;0;0;0
1205;3;г. Батайск, ул. Куйбышева, д. 50/150;47,148793;39,737935;1;3;1;2;2500;2500;2500;2500
1206;3;г. Батайск, Заводская ул., д. 204;47,141664;39,734137;1;3;1;2;2500;2500;2500;2500
1207;3;г. Батайск, Заводская ул., д. 328;47,140247;39,7227;1;3;1;2;2500;2500;2500;2500
1208;3;г. Батайск, ул. Максима Горького, д. 286;47,139345;39,727647;1;3;1;2;2500;2500;2500;2500
1209;3;г. Батайск, Рыбная ул., д. 286/51;47,14371;39,724768;0;3;1;2;2500;2500;2500;2500
1210;3;г. Ростов-на-Дону, Российская ул., д. 32А/2;47,261484;39,783489;1;3;1;4;0;0;0;0
1211;3;г. Ростов-на-Дону, ул. Малиновского, д. 37Б;47,241015;39,613807;1;3;1;8;0;0;0;0
1212;3;г. Ростов-на-Дону, Будённовский пр., д. 92А;47,234834;39,701164;1;3;1;6;0;0;0;0
1213;3;г. Новочеркасск, ул. С.В.Мацоты, д. 63/1;47,482292;40,091002;1;3;1;2;0;0;0;0
1214;3;г. Ростов-на-Дону, ул. Троллейбусная, д. 8;47,264408;39,770144;1;3;1;2;0;0;0;0
1215;3;г. Ростов-на-Дону, ул. Левобережная, д.2Б;47,211657;39,736834;1;3;1;2;0;0;0;0
1216;3;г. Ростов-на-Дону, бул. Комарова, д.8/1;47,289176;39,690768;1;3;1;2;0;0;0;0
1217;3;г. Ростов-на-Дону, Ворошиловский проспект, д. 91/1;47,231886;39,714434;1;3;1;6;0;0;0;0
1218;3;г. Ростов-на-Дону, пр-кт Буденновский, д. 101;47,236886;39,699943;1;3;1;6;0;0;0;0
1219;3;г. Ростов-на-Дону, ул. 56-й Армии, д.29 (южная сторона);47,260166;39,676123;1;3;1;3;0;0;0;0
1220;3;г. Ростов-на-Дону, пр. Ленина, д. 52;47,249613;39,715013;1;3;1;6;0;0;0;0
1221;3;г. Ростов-на-Дону, пр-кт 40-летия Победы, д.61/1;47,236934;39,812889;1;3;1;6;0;0;0;0
1222;3;г. Ростов-на-Дону, пр-кт Ворошиловский, д.14;47,22072;39,719511;1;3;1;6;0;0;0;0
1223;3;г. Ростов-на-Дону, пр-кт Космонавтов, д.31Б;47,293882;39,71347;1;3;1;8;0;0;0;0
1225;3;г. Волгодонск, пр. Курчатова, д. 4В;47,515637;42,209612;1;3;1;6;0;0;0;0
1226;3;г. Волгодонск, ул. Весенняя, д. 40;47,509243;42,189928;1;3;1;2;0;0;0;0
1227;3;г. Волгодонск, пр. Курчатова, д. 48;47,528965;42,200663;1;3;1;6;0;0;0;0
1228;3;г. Волгодонск, пр. Курчатова, д. 47;47,527494;42,20245;1;3;1;6;0;0;0;0
1229;3;г. Азов, ул. Кооперативная, д. 20;47,092121;39,431411;1;3;1;2;0;0;0;0
1230;3;г. Азов, пер. Социалистический / ул. Ленина;47,108522;39,422161;0;3;1;2;0;0;0;0
1231;3;г. Таганрог, ул. Пархоменко, д. 62/1;47,226463;38,865107;1;3;1;2;0;0;0;0
1232;3;г. Таганрог, улица Морозова, д. 6В;47,247357;38,921776;1;3;1;2;0;0;0;0
1233;3;город Таганрог Смирновский пер./ ул. Карла Либкнехта;47,209435;38,90845;0;3;1;2;0;0;0;0
1234;3;г. Волгодонск, ул. Молодёжная, д. 24;47,515086;42,206143;1;3;1;2;0;0;0;0
1235;3;город Таганрог, ул. Розы Люксембург/ Комсомольский пер.;47,209565;38,917101;0;3;1;2;0;0;0;0
1236;3;город Новочеркасск, ул. Макаренко;47,446535;40,1248;1;3;1;2;0;0;0;0
1237;3;г. Волгодонск, пр. Строителей, д. 2Б;47,511774;42,190427;1;3;1;6;19000;19000;19000;19000
1238;3;г. Волгодонск, пр. Курчатова, д. 22;47,520623;42,204567;1;3;1;6;19000;19000;19000;19000
1239;3;г. Азов, Черноморский пер., 77;47,103374;39,402602;1;3;1;2;0;0;0;0
1240;3;г. Волгодонск, ул. Курчатова, д. 8;47,516379;42,208505;1;3;1;2;0;0;0;0
1241;3;г. Азов, ул. Московская / Красноармейский пер.;47,108647;39,428344;0;3;1;2;0;0;0;0
1242;3;город Таганрог, Красногвардейский пер., д. 7;47,204226;38,892624;1;3;1;2;0;0;0;0
1243;3;г. Волгодонск, Жуковское шоссе, д. 15;47,523081;42,243702;1;2;0;2;0;0;0;0
1244;3;Р-260 - Волгоград - Каменск-Шахтинский - Луганск, км 306+530;48,199704;40,737652;0;1;0;2;325-11522;325;11522;5924
1245;3;Р-260 - Волгоград - Каменск-Шахтинский - Луганск, км 247+100;48,267692;41,477117;1;1;0;2;325-11522;325;11522;5924
1246;3;г. Шахты – г. Цимлянск, км 100+500;47,665604;41,403471;0;2;0;2;3200;3200;3200;3200
1247;3;г. Ростов-на-Дону (от магистрали Дон) - г. Семикаракорск - г. Волгодонск, км 22+700;47,155009;40,165428;0;2;0;2;1002;1002;1002;1002
1248;3;город Таганрог, Большая Бульварная ул., д. 3;47,240102;38,88876;1;3;1;2;0;0;0;0
1249;3;город Новочеркасск, ул. Бакунина, дом 95;47,411892;40,078464;1;3;1;2;0;0;0;0
1250;3;город Новочеркасск, Александровская ул./ ул. Орджоникидзе;47,405283;40,095377;0;3;1;2;0;0;0;0
1251;3;город Новочеркасск, Красноармейская улица, д. 30;47,414015;40,095022;1;3;1;2;0;0;0;0
1252;3;город Новочеркасск, ул. Энгельса, дом 20;47,420118;40,08227;1;3;1;2;0;0;0;0
1253;3;г. Волгодонск, ул. Академика Королева, д. 9;47,531179;42,211532;1;3;1;6;0;0;0;0
1254;3;город Новочеркасск, ул. Богдана Хмельницкого/ ул. Просвещения;47,415186;40,084649;0;3;1;2;0;0;0;0
1255;3;г.Шахты, ул. Достоевского, 69;47,700906;40,158163;1;3;1;2;0;0;0;0
1256;3;г.Шахты, Дачная ул., 223;47,707657;40,162945;1;3;1;2;0;0;0;0
1257;3;г. Новочеркасск, ул. Клещёва, д. 42;47,489851;40,065482;1;3;1;2;0;0;0;0
1258;3;г. Ростов-на-Дону, ул. Ченцова, д. 66/22;47,236222;39,754213;1;3;1;2;0;0;0;0
1259;3;г. Ростов-на-Дону, Портовая ул., д. 138;47,206046;39,682535;0;3;1;2;0;0;0;0
1260;3;г. Ростов-на-Дону, ул. Максима Горького/Кировский пр.;47,229728;39,728531;0;3;1;4;17600;17600;17600;17600
1261;3;г. Ростов-на-Дону, Будённовский пр./Лермонтовская ул.;47,228697;39,703803;0;3;1;2;0;0;0;0
1262;3;г.Шахты, ул. Халтурина/пер.Черенкова;47,702635;40,215124;0;3;1;2;0;0;0;0
1263;3;г. Батайск, Рабочая ул., д. 94;47,1401;39,744224;1;3;1;2;0;0;0;0
1264;3;г. Ростов-на-Дону, ул. Днепропетровская, д. 32/72;47,278334;39,798133;1;3;1;2;22400;22400;22400;22400
1265;3;г. Ростов-на-Дону, ул. Зои Космодемьянской, д. 47;47,269323;39,81004;1;3;1;2;5600;5600;5600;5600
1266;3;г. Ростов-на-Дону, ул. 1-й Конной Армии, д. 1Б;47,245142;39,754429;1;3;1;2;8800;8800;8800;8800
1267;3;г. Ростов-на-Дону, Майкопский пер., д. 8;47,226477;39,66255;1;3;1;3;0;0;0;0
1268;3;г. Ростов-на-Дону, ул. Мичуринская, д. 150;47,231197;39,639838;1;3;1;4;22400;22400;22400;22400
1269;3;г. Ростов-на-Дону, ул. Мичуринская, д. 3;47,215868;39,647073;1;3;1;4;22400;22400;22400;22400
1270;3;г. Ростов-на-Дону, ул. Казахская. д. 141;47,275288;39,738374;1;3;1;4;17600;17600;17600;17600
1271;3;г. Ростов-на-Дону, пл. Толстого, д. 15;47,232299;39,765402;1;3;1;2;0;0;0;0
1272;3;г. Ростов-на-Дону, улица Мечникова, д. 124/171;47,238471;39,694021;1;3;1;2;5600;5600;5600;5600
1273;3;г. Ростов-на-Дону, пр. Сельмаш, д. 8;47,246648;39,764886;1;3;1;4;0;0;0;0
1274;3;г. Ростов-на-Дону, ул. Металлургическая, д. 106/1;47,253383;39,770422;1;3;1;4;11200;11200;11200;11200
1275;3;г. Ростов-на-Дону, ул. 26 Июня, д. 103А/15;47,270583;39,792974;1;3;1;2;2400;2400;2400;2400
1276;3;г. Ростов-на-Дону, площадь Свободы, д. 7/2;47,229568;39,766091;1;3;1;4;0;0;0;0
1277;3;г. Ростов-на-Дону, ул. Профинтерна, д. 33/1;47,255389;39,689323;1;3;1;2;0;0;0;0
1278;3;город Новочеркасск, Буденновская ул., д. 21;47,424981;40,092083;1;3;1;2;0;0;0;0
1279;3;город Новочеркасск, Атаманская ул./ ул. им. Генерала А. И. Лебедя;47,413386;40,103042;0;3;1;2;0;0;0;0
1280;3;г. Волгодонск, ул. Академика Королёва, д. 1;47,527097;42,204361;1;3;1;6;2500;2500;2500;2500
1281;3;г. Волгодонск, ул. Академика Королёва, д. 3;47,529356;42,208719;1;3;1;6;2500;2500;2500;2500
1282;3;г. Ростов-на-Дону, пр-кт Космонавтов, д.9;47,281787;39,716276;1;3;1;8;0;0;0;0
1283;3;г. Ростов-на-Дону, пр-кт Ворошиловский, д.40/128;47,22719;39,716666;0;3;1;4;0;0;0;0
1284;3;г. Ростов-на-Дону, проспект 40-летия Победы, 192А;47,236513;39,812257;1;3;1;6;0;0;0;0
1285;3;г. Ростов-на-Дону, ул. Максима Горького, д. 25;47,2232;39,697987;1;3;1;4;17600;17600;17600;17600
1286;3;г. Ростов-на-Дону, пр. Ленина, д. 19;47,250269;39,684766;1;3;1;2;26000;26000;26000;26000
1287;3;г. Ростов-на-Дону, ул. Мечникова, д. 148;47,236902;39,707396;1;3;1;2;5600;5600;5600;5600
1288;3;г. Ростов-на-Дону, ул. Ерёменко, д. 34/44;47,23286;39,635834;1;3;1;4;17600;17600;17600;17600
1289;3;г. Ростов-на-Дону, ул. Буйнакская, д. 12;47,238883;39,76776;1;3;1;2;5600;5600;5600;5600
1290;3;г. Ростов-на-Дону, Всесоюзная улица, д. 13;47,193863;39,615592;1;3;1;2;0;0;0;0
1291;3;г. Ростов-на-Дону, ул. 2-я Краснодарская, д. 80;47,203571;39,629675;1;3;1;2;5600;5600;5600;5600
1292;3;г. Ростов-на-Дону, ул. Мадояна, д. 115;47,225831;39,65024;1;3;1;4;17600;17600;17600;17600
1293;3;г. Ростов-на-Дону, ул. Горсоветская, д. 33/2;47,244724;39,777817;1;3;1;4;2800;2800;2800;2800
1294;3;г. Ростов-на-Дону, ул. Черевичкина, д. 62/32;47,234666;39,774186;1;3;1;2;0;0;0;0
1295;3;г. Ростов-на-Дону, ул. 1-й Конной Армии, д. 33к7;47,258033;39,769593;1;3;1;2;8800;8800;8800;8800
1296;3;г. Ростов-на-Дону, ул. Просвещения, д. 47;47,253141;39,773957;1;3;1;2;0;0;0;0
1297;3;город Новочеркасск, Школьная улица/ Проспект Ермака;47,419179;40,099806;0;3;1;2;0;0;0;0
1298;3;г. Ростов-на-Дону, ул. Жданова, д.11;47,235612;39,597142;1;3;1;4;0;0;0;0
1299;3;г. Шахты – г. Цимлянск, км 124+100;47,634106;41,706297;1;2;0;2;3200;3200;3200;3200
1300;3;город Таганрог, Большая Бульварная ул., д. 15;47,245795;38,892474;1;3;1;2;0;0;0;0
1301;3;г.Шахты, пер. Карлинского, 21;47,706225;40,146949;1;3;1;2;0;0;0;0
1302;3;г.Шахты, Донской пер./Рабоче-Крестьянская ул.;47,718046;40,20994;0;3;1;2;0;0;0;0
1303;3;г.Шахты, ул. 10 лет за Индустриализацию/пер.Карпинского;47,708041;40,148098;0;3;1;2;0;0;0;0
1304;3;г.Шахты, ул.Ионова/просп.Красной Армии;47,715904;40,222282;1;3;1;2;0;0;0;0
1305;3;г.Шахты, ул. Цуканова, 75А;47,734797;40,237831;1;3;1;2;0;0;0;0
1306;3;г.Шахты, Комиссаровский пер., 137И;47,699991;40,215334;1;3;1;2;0;0;0;0
1307;3;г.Шахты, просп. Карла Маркса/ул.Шевченко;47,710648;40,206805;0;3;1;2;0;0;0;0
1308;3;г.Шахты, ул.Ионова, 217В;47,723635;40,211595;1;3;1;2;0;0;0;0
1309;3;г. Ростов-на-Дону, Интернациональная ул., д. 38;47,206221;39,676677;0;3;1;2;0;0;0;0
1310;3;Автомобильная дорога по ул. Ворошилова, ст. Егорлыкская, Егорлыкского района, Ростовской области (пр-ть 3000 м), 0+975 км;46,569286;40,65244;0;3;1;2;500;500;500;500
1312;3;г. Ростов-на-Дону, ул. Погодина/ул. Цезаря Куникова;47,261422;39,706398;0;3;1;2;0;0;0;0
1313;3;г. Ростов-на-Дону, Зоологическая ул., д. 3;47,247157;39,672868;1;3;1;2;8800;8800;8800;8800
1314;3;г. Ростов-на-Дону, ул. Миронова, д.5Б;47,297653;39,743344;1;3;1;4;11200;11200;11200;11200
1315;3;г.Шахты, ул. Ленина/просп. Карла Маркса;47,713966;40,210329;0;3;1;2;0;0;0;0
1316;3;г. Ростов-на-Дону, ул. Вятская / пер. Сальский;47,283813;39,753252;0;3;1;2;0;0;0;0
1317;3;г. Ростов-на-Дону, ул. Лазаревская / ул. 3-я Круговая;47,206321;39,652942;0;3;1;2;0;0;0;0
1318;3;г. Ростов-на-Дону, ул. Сарьяна / ул. 39-я Линия;47,229849;39,776396;0;3;1;2;8800;8800;8800;8800
1319;3;г. Ростов-на-Дону, пр. Шолохова / ул. 20-я линия;47,240902;39,757779;0;3;1;2;0;0;0;0
1320;3;г. Ростов-на-Дону, пр. Космонавтов / бульв. Комарова;47,290243;39,71451;0;3;1;4;0;0;0;0
1321;3;г. Ростов-на-Дону, ул. Малиновского / пр. Стачки;47,21187;39,61362;0;3;1;2;33600;33600;33600;33600
1322;3;г. Ростов-на-Дону, ул. Казахская / пер. Сальский;47,273002;39,747261;0;3;1;2;17600;17600;17600;17600
1323;3;г. Ростов-на-Дону, ул. Текучева / пер. Соборный;47,234475;39,704383;0;3;1;6;0;0;0;0
1324;3;г.Шахты, Енисейский пер., 8;47,711334;40,236918;1;3;1;2;0;0;0;0
1325;3;г. Ростов-на-Дону, ул. Пескова, д. 17С;47,209502;39,591858;1;3;1;2;0;0;0;0
2290;3;г. Ростов-на-Дону – х. Рогожкино, км 15+300;47,164993;39,463346;1;3;1;2;0;0;0;0
2291;3;г. Ростов-на-Дону (от магистрали Дон) - г. Семикаракорск - г. Волгодонск, км 1+500;47,129632;39,89851;1;3;1;2;0;0;0;0
2299;3;М-4 Дон Москва - Воронеж - Ростов-на-Дону - Краснодар – Новороссийск (основное направление), км 1073+950;47,133361;39,87612;0;1;0;4;0;0;0;0
2633;3;с. Пешково – с. Займо-Обрыв, км 8+750;47,019335;39,315471;1;2;0;2;1430;1430;1430;1430
2835;3;«Волгоград – Каменск-Шахтинский» – пос. Горняцкий – х. Ильинка, км 22+900;48,403413;40,898846;1;2;0;2;3284;3284;3284;3284
